<?xml version="1.0" encoding="UTF-8"?>
<project-private xmlns="http://www.netbeans.org/ns/project-private/1">
    <editor-bookmarks xmlns="http://www.netbeans.org/ns/editor-bookmarks/2" lastBookmarkId="0"/>
    <open-files xmlns="http://www.netbeans.org/ns/projectui-open-files/2">
        <group>
            <file>file:/C:/Users/Office/OneDrive%20-%20Officeku/Documents/NetBeansProjects/ProjectCCIT/src/frame/snake4.java</file>
            <file>file:/C:/Users/Office/OneDrive%20-%20Officeku/Documents/NetBeansProjects/ProjectCCIT/src/frame/hamster3.java</file>
            <file>file:/C:/Users/Office/OneDrive%20-%20Officeku/Documents/NetBeansProjects/ProjectCCIT/src/function/JOption.java</file>
            <file>file:/C:/Users/Office/OneDrive%20-%20Officeku/Documents/NetBeansProjects/ProjectCCIT/src/frame/chicken1.java</file>
            <file>file:/C:/Users/Office/OneDrive%20-%20Officeku/Documents/NetBeansProjects/ProjectCCIT/src/function/encapCounter.java</file>
            <file>file:/C:/Users/Office/OneDrive%20-%20Officeku/Documents/NetBeansProjects/ProjectCCIT/src/frame/monkey2.java</file>
        </group>
    </open-files>
</project-private>
